INSERT INTO `Ciudades` (`id`,`nombre`) 
VALUES (1,"Resistencia"),
(2,"Presidencia Roque Saenz Peña"),
(3,"Villa Angela"),
(4,"General Jose de San Martin"),
(5,"Juan Jose Castelli"),
(6,"Charata"),
(7,"Quitilipi"),
(8,"Las Breñas"),
(9,"Machagai"),
(10,"Tres Isletas"),
(11,"La Leonesa"),
(12,"Las Palmas"),
(13,"General Pinedo"),
(14,"Corzuela"),
(15,"Villa Berthet"); 
insert into Calles (id, nombre, CiudadeId) values (1, 'Edison', 13);
insert into Calles (id, nombre, CiudadeId) values (2, 'San Roque', 12);
insert into Calles (id, nombre, CiudadeId) values (3, 'Mitre', 2);
insert into Calles (id, nombre, CiudadeId) values (4, 'Av Las Heras', 12);
insert into Calles (id, nombre, CiudadeId) values (5, 'Av Avalos', 3);
insert into Calles (id, nombre, CiudadeId) values (6, 'Andreani', 4);
insert into Calles (id, nombre, CiudadeId) values (7, 'Av Laprida', 14);
insert into Calles (id, nombre, CiudadeId) values (8, '1ro de Mayo', 5);
insert into Calles (id, nombre, CiudadeId) values (9, 'Fortin Rivadavia', 4);
insert into Calles (id, nombre, CiudadeId) values (10, 'Lustringer', 13);
insert into Calles (id, nombre, CiudadeId) values (11, 'Lima', 5);
insert into Calles (id, nombre, CiudadeId) values (12, 'Av 9 de Julio', 12);
insert into Calles (id, nombre, CiudadeId) values (13, 'Franklin', 11);
insert into Calles (id, nombre, CiudadeId) values (14, 'Juan B. Justo', 9);
insert into Calles (id, nombre, CiudadeId) values (15, 'Nicolas Avellaneda', 7);
insert into Calles (id, nombre, CiudadeId) values (16, 'Delfino', 11);
insert into Calles (id, nombre, CiudadeId) values (17, 'Necochea', 6);
insert into Calles (id, nombre, CiudadeId) values (18, 'Santa Fe', 7);
insert into Calles (id, nombre, CiudadeId) values (19, 'Corrientes', 7);
insert into Calles (id, nombre, CiudadeId) values (20, 'Formosa', 9);
insert into Calles (id, nombre, CiudadeId) values (21, 'Entre Rios', 3);
insert into Calles (id, nombre, CiudadeId) values (22, 'Misiones', 8);
insert into Calles (id, nombre, CiudadeId) values (23, 'Av 25 de Mayo', 7);
insert into Calles (id, nombre, CiudadeId) values (24, 'Av Italia', 13);
insert into Calles (id, nombre, CiudadeId) values (25, 'Paraguay', 3);
insert into Calles (id, nombre, CiudadeId) values (26, 'Av Sarmiento', 7);
insert into Calles (id, nombre, CiudadeId) values (27, 'Freschi', 4);
insert into Calles (id, nombre, CiudadeId) values (28, 'Muñiz', 5);
insert into Calles (id, nombre, CiudadeId) values (29, 'Cangallo', 15);
insert into Calles (id, nombre, CiudadeId) values (30, 'Los Hacheros', 1);
insert into Calles (id, nombre, CiudadeId) values (31, 'Amegino', 11);
insert into Calles (id, nombre, CiudadeId) values (32, 'Saavedra', 14);
insert into Calles (id, nombre, CiudadeId) values (33, 'Hornero', 13);
insert into Calles (id, nombre, CiudadeId) values (34, 'Frondizi', 9);
insert into Calles (id, nombre, CiudadeId) values (35, 'Roldan', 6);
insert into Calles (id, nombre, CiudadeId) values (36, 'Roberto Mora', 6);
insert into Calles (id, nombre, CiudadeId) values (37, 'Alemania', 3);
insert into Calles (id, nombre, CiudadeId) values (38, 'Bertacca', 7);
insert into Calles (id, nombre, CiudadeId) values (39, 'Gral Donovan', 7);
insert into Calles (id, nombre, CiudadeId) values (40, 'Almirante Brown', 9);
insert into Calles (id, nombre, CiudadeId) values (41, 'Los Andes', 10);
insert into Calles (id, nombre, CiudadeId) values (42, 'Mendoza', 1);
insert into Calles (id, nombre, CiudadeId) values (43, 'Obligado', 14);
insert into Calles (id, nombre, CiudadeId) values (44, 'AYacucho', 13);
insert into Calles (id, nombre, CiudadeId) values (45, 'Toledo', 6);
insert into Calles (id, nombre, CiudadeId) values (46, 'Jujuy', 8);
insert into Calles (id, nombre, CiudadeId) values (47, 'Salta', 6);
insert into Calles (id, nombre, CiudadeId) values (48, 'Echeverria', 14);
insert into Calles (id, nombre, CiudadeId) values (49, 'French', 3);
insert into Calles (id, nombre, CiudadeId) values (50, 'Jose Maria Paz', 14);
insert into Direcciones (id, Numero, CalleId) values (1, '6', 1);
insert into Direcciones (id, Numero, CalleId) values (2, '73776', 2);
insert into Direcciones (id, Numero, CalleId) values (3, '7745', 3);
insert into Direcciones (id, Numero, CalleId) values (4, '33502', 4);
insert into Direcciones (id, Numero, CalleId) values (5, '887', 5);
insert into Direcciones (id, Numero, CalleId) values (6, '65422', 6);
insert into Direcciones (id, Numero, CalleId) values (7, '18713', 7);
insert into Direcciones (id, Numero, CalleId) values (8, '83515', 8);
insert into Direcciones (id, Numero, CalleId) values (9, '5', 9);
insert into Direcciones (id, Numero, CalleId) values (10, '55281', 10);
insert into Direcciones (id, Numero, CalleId) values (11, '8', 11);
insert into Direcciones (id, Numero, CalleId) values (12, '7543', 12);
insert into Direcciones (id, Numero, CalleId) values (13, '970', 13);
insert into Direcciones (id, Numero, CalleId) values (14, '67', 14);
insert into Direcciones (id, Numero, CalleId) values (15, '3017', 15);
insert into Direcciones (id, Numero, CalleId) values (16, '51', 16);
insert into Direcciones (id, Numero, CalleId) values (17, '47642', 17);
insert into Direcciones (id, Numero, CalleId) values (18, '596', 18);
insert into Direcciones (id, Numero, CalleId) values (19, '99724', 19);
insert into Direcciones (id, Numero, CalleId) values (20, '8352', 20);
insert into Direcciones (id, Numero, CalleId) values (21, '2', 21);
insert into Direcciones (id, Numero, CalleId) values (22, '38248', 22);
insert into Direcciones (id, Numero, CalleId) values (23, '2173', 23);
insert into Direcciones (id, Numero, CalleId) values (24, '209', 24);
insert into Direcciones (id, Numero, CalleId) values (25, '411', 25);
insert into Direcciones (id, Numero, CalleId) values (26, '73', 26);
insert into Direcciones (id, Numero, CalleId) values (27, '43', 27);
insert into Direcciones (id, Numero, CalleId) values (28, '2', 28);
insert into Direcciones (id, Numero, CalleId) values (29, '586', 29);
insert into Direcciones (id, Numero, CalleId) values (30, '52117', 30);
insert into Direcciones (id, Numero, CalleId) values (31, '10', 31);
insert into Direcciones (id, Numero, CalleId) values (32, '55314', 32);
insert into Direcciones (id, Numero, CalleId) values (33, '511', 33);
insert into Direcciones (id, Numero, CalleId) values (34, '35142', 34);
insert into Direcciones (id, Numero, CalleId) values (35, '79', 35);
insert into Direcciones (id, Numero, CalleId) values (36, '43965', 36);
insert into Direcciones (id, Numero, CalleId) values (37, '3921', 37);
insert into Direcciones (id, Numero, CalleId) values (38, '511', 38);
insert into Direcciones (id, Numero, CalleId) values (39, '322', 39);
insert into Direcciones (id, Numero, CalleId) values (40, '49', 40);
insert into Direcciones (id, Numero, CalleId) values (41, '1', 41);
insert into Direcciones (id, Numero, CalleId) values (42, '01605', 42);
insert into Direcciones (id, Numero, CalleId) values (43, '9', 43);
insert into Direcciones (id, Numero, CalleId) values (44, '94', 44);
insert into Direcciones (id, Numero, CalleId) values (45, '81800', 45);
insert into Direcciones (id, Numero, CalleId) values (46, '5351', 46);
insert into Direcciones (id, Numero, CalleId) values (47, '29', 47);
insert into Direcciones (id, Numero, CalleId) values (48, '2794', 48);
insert into Direcciones (id, Numero, CalleId) values (49, '802', 49);
insert into Direcciones (id, Numero, CalleId) values (50, '4174', 50);
insert into Hospitales (CUIT, nombre, DireccioneId) values (34913892060, 'Lannett Company, Inc.', 1);
insert into Hospitales (CUIT, nombre, DireccioneId) values (44250491896, 'Aurobindo Pharma Limited', 2);
insert into Hospitales (CUIT, nombre, DireccioneId) values (37839956469, 'Physicians Total Care, Inc.', 3);
insert into Hospitales (CUIT, nombre, DireccioneId) values (39200367120, 'Pfizer Laboratories Div Pfizer Inc', 4);
insert into Hospitales (CUIT, nombre, DireccioneId) values (45289437675, '3M ESPE Dental Products', 5);
insert into Hospitales (CUIT, nombre, DireccioneId) values (36499109584, 'VVF Kansas Services LLC', 6);
insert into Hospitales (CUIT, nombre, DireccioneId) values (39687675332, 'LG Household and Healthcare, Inc.', 7);
insert into Hospitales (CUIT, nombre, DireccioneId) values (47981316204, 'AvKARE, Inc.', 8);
insert into Hospitales (CUIT, nombre, DireccioneId) values (34636791677, 'Camber Pharmaceuticals', 9);
insert into Hospitales (CUIT, nombre, DireccioneId) values (49259815744, 'Teva Pharmaceuticals USA Inc', 10);
insert into Hospitales (CUIT, nombre, DireccioneId) values (32099155036, 'Unither Manufacturing, LLC', 11);
insert into Hospitales (CUIT, nombre, DireccioneId) values (34068749138, 'Dolgencorp, Inc. (DOLLAR GENERAL & REXALL)', 12);
insert into Hospitales (CUIT, nombre, DireccioneId) values (42720753018, 'Western Family Foods, Inc.', 13);
insert into Hospitales (CUIT, nombre, DireccioneId) values (34978912235, 'Filo America', 14);
insert into Hospitales (CUIT, nombre, DireccioneId) values (32924269785, 'Greenbrier International, Inc.', 15);
insert into Hospitales (CUIT, nombre, DireccioneId) values (43265794922, 'Paramesh Banerji Life Sciences LLC', 16);
insert into Hospitales (CUIT, nombre, DireccioneId) values (45523456321, 'Sandoz Inc', 17);
insert into Hospitales (CUIT, nombre, DireccioneId) values (40961085344, 'PUREMEDY', 18);
insert into Hospitales (CUIT, nombre, DireccioneId) values (45113796126, 'Hospira Worldwide, Inc.', 19);
insert into Hospitales (CUIT, nombre, DireccioneId) values (42310483077, 'Crossing Cultures, LLC dba Goddess Garden', 20);
insert into Hospitales (CUIT, nombre, DireccioneId) values (41070221950, 'Walgreen Company', 21);
insert into Hospitales (CUIT, nombre, DireccioneId) values (36076664730, 'Dispensing Solutions Inc.', 22);
insert into Hospitales (CUIT, nombre, DireccioneId) values (42059316764, 'The Body Shop Wake Forest', 23);
insert into Hospitales (CUIT, nombre, DireccioneId) values (35614190094, 'H.J. Harkins Company, Inc.', 24);
insert into Hospitales (CUIT, nombre, DireccioneId) values (48587001401, 'DZA Brands LLC', 25);
insert into Hospitales (CUIT, nombre, DireccioneId) values (31553835798, 'Mayinglong Pharmaceutical Group Co Ltd', 26);
insert into Hospitales (CUIT, nombre, DireccioneId) values (40852579831, 'Qualitest Pharmaceuticals', 27);
insert into Hospitales (CUIT, nombre, DireccioneId) values (46696965888, 'Promex, LLC', 28);
insert into Hospitales (CUIT, nombre, DireccioneId) values (45765995792, 'Hospira, Inc.', 29);
insert into Hospitales (CUIT, nombre, DireccioneId) values (35983769858, 'Bare Escentuals Beauty Inc.', 30);
insert into Hospitales (CUIT, nombre, DireccioneId) values (39384898602, 'Rite Aid Corporation', 31);
insert into Hospitales (CUIT, nombre, DireccioneId) values (34557484136, 'Conopco Inc. d/b/a Unilever', 32);
insert into Hospitales (CUIT, nombre, DireccioneId) values (30170311597, 'Stat Rx USA', 33);
insert into Hospitales (CUIT, nombre, DireccioneId) values (49393527436, 'Global Pharmaceuticals, Division of Impax Laboratories Inc.', 34);
insert into Hospitales (CUIT, nombre, DireccioneId) values (45883444461, 'Rising Pharmaceuticals, Inc', 35);
insert into Hospitales (CUIT, nombre, DireccioneId) values (32224262751, 'Scooter Medical Center', 36);
insert into Hospitales (CUIT, nombre, DireccioneId) values (36961847100, 'Another Scooter Medical Center', 37);
insert into Hospitales (CUIT, nombre, DireccioneId) values (30338677856, 'Contract Pharmacy Services-PA', 38);
insert into Hospitales (CUIT, nombre, DireccioneId) values (37861979947, 'Teva Parenteral Medicines, Inc.', 39);
insert into Hospitales (CUIT, nombre, DireccioneId) values (48061957795, 'McKesson Packaging Services a business unit of McKesson Corporation', 40);
insert into Hospitales (CUIT, nombre, DireccioneId) values (42668055615, 'B. Braun Medical Inc.', 41);
insert into Hospitales (CUIT, nombre, DireccioneId) values (31118282741, 'Golden State Medical Supply, Inc.', 42);
insert into Hospitales (CUIT, nombre, DireccioneId) values (49416356774, 'PD-Rx Pharmaceuticals, Inc.', 43);
insert into Hospitales (CUIT, nombre, DireccioneId) values (47069407799, 'Amgen Inc', 44);
insert into Hospitales (CUIT, nombre, DireccioneId) values (39995164948, 'Perrigo New York Inc', 45);
insert into Hospitales (CUIT, nombre, DireccioneId) values (46438330946, 'Glenmark Generics Inc., USA', 46);
insert into Hospitales (CUIT, nombre, DireccioneId) values (46873745893, 'Precision Dermatology, Inc.', 47);
insert into Hospitales (CUIT, nombre, DireccioneId) values (39388937798, 'Mylan Institutional LLC', 48);
insert into Hospitales (CUIT, nombre, DireccioneId) values (35003757065, 'Purminerals', 49);
insert into Hospitales (CUIT, nombre, DireccioneId) values (42020390272, 'Energetix Corp', 50);
insert into Medicos (dni, HospitaleCUIT, matricula, nombre, apellido, especialidad) values (28118332, 34913892060, 1,'Clovis', 'Moughtin', 'neurocirujano');
insert into Medicos (dni, HospitaleCUIT, matricula, nombre, apellido, especialidad) values (24415633, 44250491896, 1, 'Roberto', 'Boorer', 'ortopedista');
insert into Medicos (dni, HospitaleCUIT, matricula, nombre, apellido, especialidad) values (18592327, 37839956469, 1, 'Elvyn', 'Denney', 'cirujano-cardiaco');
insert into Medicos (dni, HospitaleCUIT, matricula, nombre, apellido, especialidad) values (38266891, 39200367120, 1, 'Timmi', 'Loade', 'cirujano-trauma');
insert into Medicos (dni, HospitaleCUIT, matricula, nombre, apellido, especialidad) values (25273334, 45289437675, 1, 'Jerrine', 'Smitheman', 'endocrinologo');
insert into Medicos (dni, HospitaleCUIT, matricula, nombre, apellido, especialidad) values (23996488, 36499109584, 1,'Nissa', 'Gandrich', 'cirujano-trauma');
insert into Medicos (dni, HospitaleCUIT, matricula, nombre, apellido, especialidad) values (39943987, 39687675332, 1,'Carrie', 'Shimoni', 'tecnico-dental');
insert into Medicos (dni, HospitaleCUIT, matricula, nombre, apellido, especialidad) values (40898787, 47981316204, 1,'Alejoa', 'Carcass', 'cardiologo');
insert into Medicos (dni, HospitaleCUIT, matricula, nombre, apellido, especialidad) values (31870523, 34636791677, 1,'Annmarie', 'Alfonzo', 'tecnico-quirurgico');
insert into Medicos (dni, HospitaleCUIT, matricula, nombre, apellido, especialidad) values (32345695, 49259815744, 1,'Alvis', 'Jakuszewski', 'endocrinologo');
insert into Medicos (dni, HospitaleCUIT, matricula, nombre, apellido, especialidad) values (15140132, 49259815744, 1,'Peri', 'McKinstry', 'anestesiologo');
insert into Medicos (dni, HospitaleCUIT, matricula, nombre, apellido, especialidad) values (26951148, 49259815744, 1,'Kaela', 'Fursland', 'oncologo');
insert into Medicos (dni, HospitaleCUIT, matricula, nombre, apellido, especialidad) values (28063181, 49259815744, 1,'Sal', 'Duckham', 'tecnico-biomedico');
insert into Medicos (dni, HospitaleCUIT, matricula, nombre, apellido, especialidad) values (21853845, 36499109584, 1,'Lyndell', 'Wing', 'otorrinolaringologo');
insert into Medicos (dni, HospitaleCUIT, matricula, nombre, apellido, especialidad) values (29262827, 36499109584, 1,'Auberon', 'Jowers', 'ginecologo');
insert into Medicos (dni, HospitaleCUIT, matricula, nombre, apellido, especialidad) values (20300261, 36499109584, 1,'Wallace', 'Calendar', 'pediatra');
insert into Medicos (dni, HospitaleCUIT, matricula, nombre, apellido, especialidad) values (30255236, 36499109584, 1,'Cosme', 'Dorgan', 'patologo');
insert into Medicos (dni, HospitaleCUIT, matricula, nombre, apellido, especialidad) values (21620138, 36499109584, 1,'Kelsy', 'Polland', 'tecnico-radiologo');
insert into Medicos (dni, HospitaleCUIT, matricula, nombre, apellido, especialidad) values (31259316, 45289437675, 1,'Madelon', 'Richardeau', 'oftalmica-tecnico');
insert into Medicos (dni, HospitaleCUIT, matricula, nombre, apellido, especialidad) values (38670329, 34913892060, 1,'Jerrilyn', 'Woodvine', 'tecnico-dental');
insert into Medicos (dni, HospitaleCUIT, matricula, nombre, apellido, especialidad) values (27178873, 37839956469, 1,'Lucila', 'Dominetti', 'cirujano-pediatrico');
insert into Medicos (dni, HospitaleCUIT, matricula, nombre, apellido, especialidad) values (40877636, 34913892060, 1,'Melania', 'Cash', 'ortopedista');
insert into Medicos (dni, HospitaleCUIT, matricula, nombre, apellido, especialidad) values (36979695, 37839956469, 1,'Maggi', 'Worsley', 'dentista');
insert into Medicos (dni, HospitaleCUIT, matricula, nombre, apellido, especialidad) values (21511536, 44250491896, 1,'Cheri', 'Spickett', 'quiropractico');
insert into Medicos (dni, HospitaleCUIT, matricula, nombre, apellido, especialidad) values (32597927, 34913892060, 1,'Franklyn', 'Gulliman', 'dentista');
insert into Medicos (dni, HospitaleCUIT, matricula, nombre, apellido, especialidad) values (30163271, 44250491896, 1,'Lelah', 'Cruce', 'neurocirujano');
insert into Medicos (dni, HospitaleCUIT, matricula, nombre, apellido, especialidad) values (23023104, 45289437675, 1,'Sumner', 'Peirson', 'patologo-forense');
insert into Medicos (dni, HospitaleCUIT, matricula, nombre, apellido, especialidad) values (18618761, 44250491896, 1,'Aubrey', 'O''Curneen', 'patologo-forense');
insert into Medicos (dni, HospitaleCUIT, matricula, nombre, apellido, especialidad) values (33413677, 37839956469, 1,'Kara-lynn', 'Aireton', 'oncologo');
insert into Medicos (dni, HospitaleCUIT, matricula, nombre, apellido, especialidad) values (17081068, 47981316204, 1,'Cornelius', 'Helleckas', 'ortopedista');
insert into Medicos (dni, HospitaleCUIT, matricula, nombre, apellido, especialidad) values (35060839, 47981316204, 1,'Bellina', 'Molloy', 'kinesiologo');
insert into Medicos (dni, HospitaleCUIT, matricula, nombre, apellido, especialidad) values (28114146, 47981316204, 1,'Hayyim', 'Tiller', 'pediatra');
insert into Medicos (dni, HospitaleCUIT, matricula, nombre, apellido, especialidad) values (19385509, 45289437675, 1,'Bronny', 'Dael', 'cirujano-ortopedico');
insert into Medicos (dni, HospitaleCUIT, matricula, nombre, apellido, especialidad) values (18520174, 39200367120, 1,'Rachel', 'Shellibeer', 'cardiologo');
insert into Medicos (dni, HospitaleCUIT, matricula, nombre, apellido, especialidad) values (28883892, 39200367120, 1,'Nancee', 'Realff', 'tecnico-mri');
insert into Medicos (dni, HospitaleCUIT, matricula, nombre, apellido, especialidad) values (29767570, 37839956469, 1,'Silvester', 'Straniero', 'cirujano-general');
insert into Medicos (dni, HospitaleCUIT, matricula, nombre, apellido, especialidad) values (32700841, 39200367120, 1,'Maudie', 'Leys', 'cirujano-cardiaco');
insert into Medicos (dni, HospitaleCUIT, matricula, nombre, apellido, especialidad) values (37785128, 39687675332, 1,'Brandea', 'Hinkens', 'cardiologo');
insert into Medicos (dni, HospitaleCUIT, matricula, nombre, apellido, especialidad) values (37069005, 39687675332, 1,'Fancy', 'Bowcock', 'dermatologo');
insert into Medicos (dni, HospitaleCUIT, matricula, nombre, apellido, especialidad) values (40196800, 45289437675, 1,'Lani', 'Attaway', 'tecnico-biomedico');
insert into Medicos (dni, HospitaleCUIT, matricula, nombre, apellido, especialidad) values (39417811, 39687675332, 1,'Joete', 'Snowling', 'tecnico-mri');
insert into Medicos (dni, HospitaleCUIT, matricula, nombre, apellido, especialidad) values (38429751, 37839956469, 1,'Bel', 'Durran', 'tecnico-radiologo');
insert into Medicos (dni, HospitaleCUIT, matricula, nombre, apellido, especialidad) values (34685479, 39687675332, 1,'Jim', 'Greendale', 'optometrista');
insert into Medicos (dni, HospitaleCUIT, matricula, nombre, apellido, especialidad) values (33042982, 45289437675, 1,'Eugen', 'Siebart', 'electrocardiografo-tecnico');
insert into Medicos (dni, HospitaleCUIT, matricula, nombre, apellido, especialidad) values (37093313, 34636791677, 1,'Joly', 'Cuthbertson', 'genetista');
insert into Medicos (dni, HospitaleCUIT, matricula, nombre, apellido, especialidad) values (30332361, 34636791677, 1,'Janine', 'Keyworth', 'cirujano-pediatrico');
insert into Medicos (dni, HospitaleCUIT, matricula, nombre, apellido, especialidad) values (21365414, 34636791677, 1, 'Marietta', 'Tappin', 'tecnico-histologico');
insert into Medicos (dni, HospitaleCUIT, matricula, nombre, apellido, especialidad) values (21012987, 34636791677, 1,'Cleopatra', 'De Ath', 'tecnico-radiologo');
insert into Medicos (dni, HospitaleCUIT, matricula, nombre, apellido, especialidad) values (18964851, 34913892060, 1,'Kinnie', 'Scane', 'electrocardiografo-tecnico');
insert into Medicos (dni, HospitaleCUIT, matricula, nombre, apellido, especialidad) values (17986239, 34636791677, 1,'Gabie', 'Matic', 'patologo');
insert into Recursos (id, nombre, cantidad, HospitaleCUIT) values (1, 'camillasDisponibles', 24, 30170311597);
insert into Recursos (id, nombre, cantidad, HospitaleCUIT) values (2, 'alcoholLitros', 95,  30170311597);
insert into Recursos (id, nombre, cantidad, HospitaleCUIT) values (3, 'camillasDisponibles', 70, 30338677856);
insert into Recursos (id, nombre, cantidad, HospitaleCUIT) values (4, 'alcoholLitros', 90, 30338677856);
insert into Recursos (id, nombre, cantidad, HospitaleCUIT) values (5, 'camillasDisponibles', 71, 31118282741);
insert into Recursos (id, nombre, cantidad, HospitaleCUIT) values (6, 'alcoholLitros', 55, 31118282741);
insert into Recursos (id, nombre, cantidad, HospitaleCUIT) values (7, 'camillasDisponibles', 80, 31553835798);
insert into Recursos (id, nombre, cantidad, HospitaleCUIT) values (8, 'alcoholLitros', 61, 31553835798);
insert into Recursos (id, nombre, cantidad, HospitaleCUIT) values (9, 'camillasDisponibles', 28,32099155036);
insert into Recursos (id, nombre, cantidad, HospitaleCUIT) values (10, 'alcoholLitros', 1, 32099155036);
insert into Recursos (id, nombre, cantidad, HospitaleCUIT) values (11, 'camillasDisponibles', 33, 32224262751);
insert into Recursos (id, nombre, cantidad, HospitaleCUIT) values (12, 'alcoholLitros', 81, 32224262751);
insert into Recursos (id, nombre, cantidad, HospitaleCUIT) values (13, 'camillasDisponibles', 37, 32924269785);
insert into Recursos (id, nombre, cantidad, HospitaleCUIT) values (14, 'alcoholLitros', 98, 32924269785);
insert into Recursos (id, nombre, cantidad, HospitaleCUIT) values (15, 'camillasDisponibles', 80, 34068749138);
insert into Recursos (id, nombre, cantidad, HospitaleCUIT) values (16, 'alcoholLitros', 8, 34068749138);
insert into Recursos (id, nombre, cantidad, HospitaleCUIT) values (17, 'camillasDisponibles', 99, 34557484136);
insert into Recursos (id, nombre, cantidad, HospitaleCUIT) values (18, 'alcoholLitros', 30, 34557484136);
insert into Recursos (id, nombre, cantidad, HospitaleCUIT) values (19, 'camillasDisponibles', 22,  34636791677);
insert into Recursos (id, nombre, cantidad, HospitaleCUIT) values (20, 'alcoholLitros', 5,  34636791677);
insert into Recursos (id, nombre, cantidad, HospitaleCUIT) values (21, 'camillasDisponibles', 33, 34913892060);
insert into Recursos (id, nombre, cantidad, HospitaleCUIT) values (22, 'alcoholLitros', 17, 34913892060);
insert into Recursos (id, nombre, cantidad, HospitaleCUIT) values (23, 'camillasDisponibles', 38, 34978912235);
insert into Recursos (id, nombre, cantidad, HospitaleCUIT) values (24, 'alcoholLitros', 7, 34978912235);
insert into Recursos (id, nombre, cantidad, HospitaleCUIT) values (25, 'camillasDisponibles', 41, 35003757065);
insert into Recursos (id, nombre, cantidad, HospitaleCUIT) values (26, 'alcoholLitros', 67, 35003757065);
insert into Recursos (id, nombre, cantidad, HospitaleCUIT) values (27, 'camillasDisponibles', 58, 35614190094);
insert into Recursos (id, nombre, cantidad, HospitaleCUIT) values (28, 'alcoholLitros', 68, 35614190094);
insert into Recursos (id, nombre, cantidad, HospitaleCUIT) values (29, 'camillasDisponibles', 58, 35983769858);
insert into Recursos (id, nombre, cantidad, HospitaleCUIT) values (30, 'alcoholLitros', 14, 35983769858);
insert into Recursos (id, nombre, cantidad, HospitaleCUIT) values (31, 'camillasDisponibles', 2, 36076664730);
insert into Recursos (id, nombre, cantidad, HospitaleCUIT) values (32, 'alcoholLitros', 9, 36076664730);
insert into Recursos (id, nombre, cantidad, HospitaleCUIT) values (33, 'camillasDisponibles', 61, 36499109584);
insert into Recursos (id, nombre, cantidad, HospitaleCUIT) values (34, 'alcoholLitros', 83, 36499109584);
insert into Recursos (id, nombre, cantidad, HospitaleCUIT) values (35, 'camillasDisponibles', 40, 36961847100);
insert into Recursos (id, nombre, cantidad, HospitaleCUIT) values (36, 'alcoholLitros', 16, 36961847100);
insert into Recursos (id, nombre, cantidad, HospitaleCUIT) values (37, 'camillasDisponibles', 26, 37839956469);
insert into Recursos (id, nombre, cantidad, HospitaleCUIT) values (38, 'alcoholLitros', 86, 37839956469);
insert into Recursos (id, nombre, cantidad, HospitaleCUIT) values (39, 'camillasDisponibles', 53, 37861979947);
insert into Recursos (id, nombre, cantidad, HospitaleCUIT) values (40, 'alcoholLitros', 37, 37861979947);
insert into Recursos (id, nombre, cantidad, HospitaleCUIT) values (41, 'camillasDisponibles', 49, 39200367120);
insert into Recursos (id, nombre, cantidad, HospitaleCUIT) values (42, 'alcoholLitros', 45, 39200367120);
insert into Recursos (id, nombre, cantidad, HospitaleCUIT) values (43, 'camillasDisponibles', 70, 39384898602);
insert into Recursos (id, nombre, cantidad, HospitaleCUIT) values (44, 'alcoholLitros', 85, 39384898602);
insert into Recursos (id, nombre, cantidad, HospitaleCUIT) values (45, 'camillasDisponibles', 41, 39388937798);
insert into Recursos (id, nombre, cantidad, HospitaleCUIT) values (46, 'alcoholLitros', 73, 39388937798);
insert into Recursos (id, nombre, cantidad, HospitaleCUIT) values (47, 'camillasDisponibles', 88, 39687675332);
insert into Recursos (id, nombre, cantidad, HospitaleCUIT) values (48, 'alcoholLitros', 37, 39687675332);
insert into Recursos (id, nombre, cantidad, HospitaleCUIT) values (49, 'camillasDisponibles', 3, 39995164948);
insert into Recursos (id, nombre, cantidad, HospitaleCUIT) values (50, 'alcoholLitros', 80, 39995164948);
insert into Recursos (id, nombre, cantidad, HospitaleCUIT) values (51, 'camillasDisponibles', 36, 40852579831);
insert into Recursos (id, nombre, cantidad, HospitaleCUIT) values (52, 'alcoholLitros', 93, 40852579831);
insert into Recursos (id, nombre, cantidad, HospitaleCUIT) values (53, 'camillasDisponibles', 14, 40961085344);
insert into Recursos (id, nombre, cantidad, HospitaleCUIT) values (54, 'alcoholLitros', 27, 40961085344);
insert into Recursos (id, nombre, cantidad, HospitaleCUIT) values (55, 'camillasDisponibles', 49, 41070221950);
insert into Recursos (id, nombre, cantidad, HospitaleCUIT) values (56, 'alcoholLitros', 5, 41070221950);
insert into Recursos (id, nombre, cantidad, HospitaleCUIT) values (57, 'camillasDisponibles', 99, 42020390272);
insert into Recursos (id, nombre, cantidad, HospitaleCUIT) values (58, 'alcoholLitros', 34, 42020390272);
insert into Recursos (id, nombre, cantidad, HospitaleCUIT) values (59, 'camillasDisponibles', 3, 42059316764);
insert into Recursos (id, nombre, cantidad, HospitaleCUIT) values (60, 'alcoholLitros', 86, 42059316764);
insert into Recursos (id, nombre, cantidad, HospitaleCUIT) values (61, 'camillasDisponibles', 11, 42310483077);
insert into Recursos (id, nombre, cantidad, HospitaleCUIT) values (62, 'alcoholLitros', 39, 42310483077);
insert into Recursos (id, nombre, cantidad, HospitaleCUIT) values (63, 'camillasDisponibles', 32, 42668055615);
insert into Recursos (id, nombre, cantidad, HospitaleCUIT) values (64, 'alcoholLitros', 17, 42668055615);
insert into Recursos (id, nombre, cantidad, HospitaleCUIT) values (65, 'camillasDisponibles', 8, 42720753018);
insert into Recursos (id, nombre, cantidad, HospitaleCUIT) values (66, 'alcoholLitros', 38, 42720753018);
insert into Recursos (id, nombre, cantidad, HospitaleCUIT) values (67, 'camillasDisponibles', 64, 43265794922);
insert into Recursos (id, nombre, cantidad, HospitaleCUIT) values (68, 'alcoholLitros', 75, 43265794922);
insert into Recursos (id, nombre, cantidad, HospitaleCUIT) values (69, 'camillasDisponibles', 80, 44250491896);
insert into Recursos (id, nombre, cantidad, HospitaleCUIT) values (70, 'alcoholLitros', 40, 44250491896);
insert into Recursos (id, nombre, cantidad, HospitaleCUIT) values (71, 'camillasDisponibles', 29, 45113796126);
insert into Recursos (id, nombre, cantidad, HospitaleCUIT) values (72, 'alcoholLitros', 72, 45113796126);
insert into Recursos (id, nombre, cantidad, HospitaleCUIT) values (73, 'camillasDisponibles', 61, 45289437675);
insert into Recursos (id, nombre, cantidad, HospitaleCUIT) values (74, 'alcoholLitros', 63, 45289437675);
insert into Recursos (id, nombre, cantidad, HospitaleCUIT) values (75, 'camillasDisponibles', 77, 45523456321);
insert into Recursos (id, nombre, cantidad, HospitaleCUIT) values (76, 'alcoholLitros', 73, 45523456321);
insert into Recursos (id, nombre, cantidad, HospitaleCUIT) values (77, 'camillasDisponibles', 12, 45765995792);
insert into Recursos (id, nombre, cantidad, HospitaleCUIT) values (78, 'alcoholLitros', 43, 45765995792);
insert into Recursos (id, nombre, cantidad, HospitaleCUIT) values (79, 'camillasDisponibles', 59, 45883444461);
insert into Recursos (id, nombre, cantidad, HospitaleCUIT) values (80, 'alcoholLitros', 90, 45883444461);
insert into Recursos (id, nombre, cantidad, HospitaleCUIT) values (81, 'camillasDisponibles', 36, 46438330946);
insert into Recursos (id, nombre, cantidad, HospitaleCUIT) values (82, 'alcoholLitros', 29, 46438330946);
insert into Recursos (id, nombre, cantidad, HospitaleCUIT) values (83, 'camillasDisponibles', 60, 46696965888);
insert into Recursos (id, nombre, cantidad, HospitaleCUIT) values (84, 'alcoholLitros', 32, 46696965888);
insert into Recursos (id, nombre, cantidad, HospitaleCUIT) values (85, 'camillasDisponibles', 80, 46873745893);
insert into Recursos (id, nombre, cantidad, HospitaleCUIT) values (86, 'alcoholLitros', 96, 46873745893);
insert into Recursos (id, nombre, cantidad, HospitaleCUIT) values (87, 'camillasDisponibles', 56, 47069407799);
insert into Recursos (id, nombre, cantidad, HospitaleCUIT) values (88, 'alcoholLitros', 44, 47069407799);
insert into Recursos (id, nombre, cantidad, HospitaleCUIT) values (89, 'camillasDisponibles', 92, 47981316204);
insert into Recursos (id, nombre, cantidad, HospitaleCUIT) values (90, 'alcoholLitros', 56, 47981316204);
insert into Recursos (id, nombre, cantidad, HospitaleCUIT) values (91, 'camillasDisponibles', 80, 48061957795);
insert into Recursos (id, nombre, cantidad, HospitaleCUIT) values (92, 'alcoholLitros', 75, 48061957795);
insert into Recursos (id, nombre, cantidad, HospitaleCUIT) values (93, 'camillasDisponibles', 55, 48587001401);
insert into Recursos (id, nombre, cantidad, HospitaleCUIT) values (94, 'alcoholLitros', 21, 48587001401);
insert into Recursos (id, nombre, cantidad, HospitaleCUIT) values (95, 'camillasDisponibles', 87, 49259815744);
insert into Recursos (id, nombre, cantidad, HospitaleCUIT) values (96, 'alcoholLitros', 91, 49259815744);
insert into Recursos (id, nombre, cantidad, HospitaleCUIT) values (97, 'camillasDisponibles', 84, 49393527436);
insert into Recursos (id, nombre, cantidad, HospitaleCUIT) values (98, 'alcoholLitros', 16, 49393527436);
insert into Recursos (id, nombre, cantidad, HospitaleCUIT) values (99, 'camillasDisponibles', 97, 49416356774);
insert into Recursos (id, nombre, cantidad, HospitaleCUIT) values (100, 'alcoholLitros', 39, 49416356774);
insert into Consultas (id, diagnostico, dni, comentario, MedicoDni) values (1, 'In est risus, auctor sed, tristique in, tempus sit amet, sem. Fusce consequat. Nulla nisl. Nunc nisl. Duis bibendum, felis sed interdum venenatis, turpis enim blandit mi, in porttitor pede justo eu massa. Donec dapibus. Duis at velit eu est congue elementum.', 28478409, 'cephalexin', 28118332);
insert into Consultas (id, diagnostico, dni, comentario, MedicoDni) values (2, 'Donec semper sapien a libero. Nam dui. Proin leo odio, porttitor id, consequat in, consequat ut, nulla. Sed accumsan felis. Ut at dolor quis odio consequat varius. Integer ac leo. Pellentesque ultrices mattis odio. Donec vitae nisi.', 19509333, 'Venlafaxine Hydrochloride', 24415633);
insert into Consultas (id, diagnostico, dni, comentario, MedicoDni) values (3, 'Praesent id massa id nisl venenatis lacinia. Aenean sit amet justo. Morbi ut odio. Cras mi pede, malesuada in, imperdiet et, commodo vulputate, justo. In blandit ultrices enim. Lorem ipsum dolor sit amet, consectetuer adipiscing elit. Proin interdum mauris non ligula pellentesque ultrices. Phasellus id sapien in sapien iaculis congue.', 36894994, 'Ibuprofen', 18592327);
insert into Consultas (id, diagnostico, dni, comentario, MedicoDni) values (4, 'Phasellus in felis. Donec semper sapien a libero. Nam dui. Proin leo odio, porttitor id, consequat in, consequat ut, nulla. Sed accumsan felis.', 27896049, 'Prednisone', 38266891);
insert into Consultas (id, diagnostico, dni, comentario, MedicoDni) values (5, 'Nullam orci pede, venenatis non, sodales sed, tincidunt eu, felis. Fusce posuere felis sed lacus. Morbi sem mauris, laoreet ut, rhoncus aliquet, pulvinar sed, nisl. Nunc rhoncus dui vel sem.', 28769876, 'Ranitidine', 25273334);
insert into Consultas (id, diagnostico, dni, comentario, MedicoDni) values (6, 'Cras mi pede, malesuada in, imperdiet et, commodo vulputate, justo. In blandit ultrices enim. Lorem ipsum dolor sit amet, consectetuer adipiscing elit. Proin interdum mauris non ligula pellentesque ultrices.', 16467614, 'Duloxetine hydrochloride', 23996488);
insert into Consultas (id, diagnostico, dni, comentario, MedicoDni) values (7, 'Praesent blandit lacinia erat. Vestibulum sed magna at nunc commodo placerat.', 42784663, 'Terbinafine Hydrochloride', 39943987);
insert into Consultas (id, diagnostico, dni, comentario, MedicoDni) values (8, 'Cras non velit nec nisi vulputate nonummy. Maecenas tincidunt lacus at velit. Vivamus vel nulla eget eros elementum pellentesque.', 39326193, 'DOCUSATE SODIUM, SENNOSIDES', 40898787);
insert into Consultas (id, diagnostico, dni, comentario, MedicoDni) values (9, 'Quisque id justo sit amet sapien dignissim vestibulum. Vestibulum ante ipsum primis in faucibus orci luctus et ultrices posuere cubilia Curae; Nulla dapibus dolor vel est. Donec odio justo, sollicitudin ut, suscipit a, feugiat et, eros. Vestibulum ac est lacinia nisi venenatis tristique. Fusce congue, diam id ornare imperdiet, sapien urna pretium nisl, ut volutpat sapien arcu sed augue.', 14624840, 'Sodium Fluoride', 31870523);
insert into Consultas (id, diagnostico, dni, comentario, MedicoDni) values (10, 'Duis bibendum. Morbi non quam nec dui luctus rutrum. Nulla tellus. In sagittis dui vel nisl. Duis ac nibh. Fusce lacus purus, aliquet at, feugiat non, pretium quis, lectus. Suspendisse potenti. In eleifend quam a odio. In hac habitasse platea dictumst.', 19328572, 'arsenic trioxide', 32345695);
insert into Consultas (id, diagnostico, dni, comentario, MedicoDni) values (11, 'Morbi odio odio, elementum eu, interdum eu, tincidunt in, leo. Maecenas pulvinar lobortis est. Phasellus sit amet erat. Nulla tempus.', 16187688, 'Thyroidinum (suis), Cortisone aceticum, Anacardium orientale, Antimonium crudum, Ignatia amara, Natrum muriaticum, Staphysagria, Cortisol,', 15140132);
insert into Consultas (id, diagnostico, dni, comentario, MedicoDni) values (12, 'Fusce consequat. Nulla nisl. Nunc nisl.', 17701000, 'Sincalide', 26951148);
insert into Consultas (id, diagnostico, dni, comentario, MedicoDni) values (13, 'Nulla ut erat id mauris vulputate elementum. Nullam varius. Nulla facilisi.', 16133949, 'Potassium Chloride', 28063181);
insert into Consultas (id, diagnostico, dni, comentario, MedicoDni) values (14, 'Fusce posuere felis sed lacus. Morbi sem mauris, laoreet ut, rhoncus aliquet, pulvinar sed, nisl. Nunc rhoncus dui vel sem.', 24362042, 'modafinil', 21853845);
insert into Consultas (id, diagnostico, dni, comentario, MedicoDni) values (15, 'Donec diam neque, vestibulum eget, vulputate ut, ultrices vel, augue. Vestibulum ante ipsum primis in faucibus orci luctus et ultrices posuere cubilia Curae; Donec pharetra, magna vestibulum aliquet ultrices, erat tortor sollicitudin mi, sit amet lobortis sapien sapien non mi. Integer ac neque. Duis bibendum.', 38377248, 'Acetaminophen', 29262827);
insert into Consultas (id, diagnostico, dni, comentario, MedicoDni) values (16, 'Morbi a ipsum.', 10023361, 'Docusate sodium', 20300261);
insert into Consultas (id, diagnostico, dni, comentario, MedicoDni) values (17, 'Vivamus vel nulla eget eros elementum pellentesque. Quisque porta volutpat erat. Quisque erat eros, viverra eget, congue eget, semper rutrum, nulla. Nunc purus. Phasellus in felis. Donec semper sapien a libero. Nam dui. Proin leo odio, porttitor id, consequat in, consequat ut, nulla. Sed accumsan felis.', 11784852, 'Clonazepam', 30255236);
insert into Consultas (id, diagnostico, dni, comentario, MedicoDni) values (18, 'Vestibulum ante ipsum primis in faucibus orci luctus et ultrices posuere cubilia Curae; Nulla dapibus dolor vel est. Donec odio justo, sollicitudin ut, suscipit a, feugiat et, eros. Vestibulum ac est lacinia nisi venenatis tristique.', 14945738, 'Amitriptyline Hydrochloride', 21620138);
insert into Consultas (id, diagnostico, dni, comentario, MedicoDni) values (19, 'Vestibulum ante ipsum primis in faucibus orci luctus et ultrices posuere cubilia Curae; Donec pharetra, magna vestibulum aliquet ultrices, erat tortor sollicitudin mi, sit amet lobortis sapien sapien non mi. Integer ac neque. Duis bibendum. Morbi non quam nec dui luctus rutrum. Nulla tellus. In sagittis dui vel nisl. Duis ac nibh. Fusce lacus purus, aliquet at, feugiat non, pretium quis, lectus. Suspendisse potenti.', 48038255, 'AVOBENZONE, OCTINOXATE, and OCTISALATE', 31259316);
insert into Consultas (id, diagnostico, dni, comentario, MedicoDni) values (20, 'Vestibulum ante ipsum primis in faucibus orci luctus et ultrices posuere cubilia Curae; Mauris viverra diam vitae quam. Suspendisse potenti. Nullam porttitor lacus at turpis. Donec posuere metus vitae ipsum. Aliquam non mauris. Morbi non lectus.', 44062824, 'Diphenhydramine Hydrochloride', 38670329);
insert into Casos (id, dni, fechaInicio, estado, MedicoDni) values (1, 18636723, '1988-06-09 04:11:16', 'Negativo', 28118332);
insert into Casos (id, dni, fechaInicio, estado, MedicoDni) values (2, 26148774, '1940-09-02 04:38:26', 'Negativo', 24415633);
insert into Casos (id, dni, fechaInicio, estado, MedicoDni) values (3, 14427502, '1953-08-23 05:10:34', 'Sospechoso', 18592327);
insert into Casos (id, dni, fechaInicio, estado, MedicoDni) values (4, 26310525, '1978-01-24 00:03:52', 'Sospechoso', 38266891);
insert into Casos (id, dni, fechaInicio, estado, MedicoDni) values (5, 24908936, '2008-09-13 23:56:25', 'Sospechoso', 25273334);
insert into Casos (id, dni, fechaInicio, estado, MedicoDni) values (6, 13257628, '1960-10-25 09:54:45', 'Sospechoso', 23996488);
insert into Casos (id, dni, fechaInicio, estado, MedicoDni) values (7, 31991181, '1977-12-11 14:00:55', 'Sospechoso', 39943987);
insert into Casos (id, dni, fechaInicio, estado, MedicoDni) values (8, 35887554, '2012-04-26 15:36:51', 'Negativo', 40898787);
insert into Casos (id, dni, fechaInicio, estado, MedicoDni) values (9, 35816767, '1990-08-12 04:01:16', 'Sospechoso', 31870523);
insert into Casos (id, dni, fechaInicio, estado, MedicoDni) values (10, 25621042, '1959-10-29 13:52:06', 'Positivo', 32345695);
insert into Administradores (dni, nombre, apellido, HospitaleCUIT) values (22483292, 'Kennan', 'Hertwell', 34913892060);
insert into Administradores (dni, nombre, apellido, HospitaleCUIT) values (28902698, 'Juanita', 'Mullany', 44250491896);
insert into Administradores (dni, nombre, apellido, HospitaleCUIT) values (32438172, 'Jorry', 'Lobe', 37839956469);
insert into Administradores (dni, nombre, apellido, HospitaleCUIT) values (26874977, 'Gabrielle', 'Celli', 39200367120);
insert into Administradores (dni, nombre, apellido, HospitaleCUIT) values (22224453, 'Sheelah', 'Stille', 45289437675);
insert into Administradores (dni, nombre, apellido, HospitaleCUIT) values (23435697, 'Tootsie', 'Gotecliffe', 36499109584);
insert into Administradores (dni, nombre, apellido, HospitaleCUIT) values (33439418, 'Brady', 'Forrestill', 39687675332);
insert into Administradores (dni, nombre, apellido, HospitaleCUIT) values (27166916, 'Dasya', 'Beadle', 47981316204);
insert into Administradores (dni, nombre, apellido, HospitaleCUIT) values (21823988, 'Emogene', 'Toombs', 34636791677);
insert into Administradores (dni, nombre, apellido, HospitaleCUIT) values (30098275, 'Antonina', 'Wheowall', 49259815744);insert into Pruebas (id, fecha, fechaResultado, resultado, CasoId) values (1, '2020-07-01 00:00:00', '2019-11-21 01:36:11', false, 1);
insert into Pruebas (id, fecha, fechaResultado, resultado, CasoId) values (2, '2020-07-01 00:00:00', '2019-09-06 15:53:41', true, 2);
insert into Pruebas (id, fecha, fechaResultado, resultado, CasoId) values (3, '2020-07-01 00:00:00', '2020-01-10 00:06:04', false, 3);
insert into Pruebas (id, fecha, fechaResultado, resultado, CasoId) values (4, '2020-07-01 00:00:00', '2019-11-29 07:53:22', false, 4);
insert into Pruebas (id, fecha, fechaResultado, resultado, CasoId) values (5, '2020-07-01 00:00:00', '2020-03-07 14:32:46', false, 5);
insert into Pruebas (id, fecha, fechaResultado, resultado, CasoId) values (6, '2020-07-01 00:00:00', '2020-06-04 09:03:11', true, 6);
insert into Pruebas (id, fecha, fechaResultado, resultado, CasoId) values (7, '2020-07-01 00:00:00', '2019-12-05 04:48:28', true, 7);
insert into Pruebas (id, fecha, fechaResultado, resultado, CasoId) values (8, '2020-07-01 00:00:00', '2020-01-12 15:51:58', true, 8);
insert into Pruebas (id, fecha, fechaResultado, resultado, CasoId) values (9, '2020-07-01 00:00:00', '2019-10-18 01:26:28', false, 9);
insert into Pruebas (id, fecha, fechaResultado, resultado, CasoId) values (10, '2020-07-01 00:00:00', '2020-03-04 12:54:11', true ,10);
insert into PartesMedicos (id, fecha, tratamientos, comentario, estadoVital, CasoId) values (1, '2020-07-01 00:00:00', 'nulla sed accumsan felis ut at dolor quis odio consequat varius integer ac leo pellentesque ultrices mattis odio donec vitae', 'cursus urna ut tellus nulla ut erat id mauris vulputate elementum', 'critico', 6);
insert into PartesMedicos (id, fecha, tratamientos, comentario, estadoVital, CasoId) values (2, '2020-07-01 00:00:00', 'turpis nec euismod scelerisque quam turpis adipiscing lorem vitae mattis', 'eget eros elementum pellentesque quisque porta volutpat erat quisque erat eros viverra eget congue eget', 'grave', 4);
insert into PartesMedicos (id, fecha, tratamientos, comentario, estadoVital, CasoId) values (3, '2020-07-01 00:00:00', 'suscipit nulla elit ac nulla sed vel enim sit amet nunc viverra dapibus nulla suscipit ligula in lacus curabitur', 'magna bibendum imperdiet nullam orci pede venenatis non sodales sed tincidunt eu felis fusce posuere felis sed lacus', 'critico', 2);
insert into PartesMedicos (id, fecha, tratamientos, comentario, estadoVital, CasoId) values (4, '2020-07-01 00:00:00', 'vitae mattis nibh ligula nec sem duis aliquam convallis nunc proin at turpis a pede posuere nonummy integer non', 'dolor morbi vel lectus in quam fringilla rhoncus mauris enim leo rhoncus sed vestibulum sit amet cursus id', 'estable', 3);
insert into PartesMedicos (id, fecha, tratamientos, comentario, estadoVital, CasoId) values (5, '2020-07-01 00:00:00', 'consequat in consequat ut nulla sed accumsan felis ut at dolor quis odio consequat varius integer ac leo', 'at velit eu est congue elementum in hac habitasse platea dictumst morbi vestibulum velit id pretium', 'critico', 9);
insert into PartesMedicos (id, fecha, tratamientos, comentario, estadoVital, CasoId) values (6, '2020-07-01 00:00:00', 'etiam justo etiam pretium iaculis justo in hac habitasse platea dictumst etiam faucibus cursus urna ut tellus nulla', 'aliquam erat volutpat in congue etiam justo etiam pretium iaculis justo in hac habitasse', 'grave', 9);
insert into PartesMedicos (id, fecha, tratamientos, comentario, estadoVital, CasoId) values (7, '2020-07-01 00:00:00', 'donec diam neque vestibulum eget vulputate ut ultrices vel augue vestibulum ante ipsum primis in faucibus orci luctus et', 'nec nisi vulputate nonummy maecenas tincidunt lacus at velit vivamus vel nulla eget eros', 'grave', 7);
insert into PartesMedicos (id, fecha, tratamientos, comentario, estadoVital, CasoId) values (8, '2020-07-01 00:00:00', 'vivamus vel nulla eget eros elementum pellentesque quisque porta volutpat erat quisque erat', 'sit amet diam in magna bibendum imperdiet nullam orci pede venenatis non sodales sed tincidunt', 'muerto', 8);
insert into PartesMedicos (id, fecha, tratamientos, comentario, estadoVital, CasoId) values (9, '2020-07-01 00:00:00', 'iaculis justo in hac habitasse platea dictumst etiam faucibus cursus urna ut tellus nulla ut erat', 'quisque ut erat curabitur gravida nisi at nibh in hac habitasse platea dictumst aliquam augue quam sollicitudin', 'grave', 1);
insert into PartesMedicos (id, fecha, tratamientos, comentario, estadoVital, CasoId) values (10, '2020-07-01 00:00:00', 'id luctus nec molestie sed justo pellentesque viverra pede ac diam cras pellentesque volutpat', 'non velit donec diam neque vestibulum eget vulputate ut ultrices', 'critico', 10);
